Tech Support,IT,IT Consulting,555-1234,support@tech.com
Good Pizza,Food,Pizza & Pasta,555-8888,order@goodpizza.com
Fast Delivery,Logistics,Express Courier,555-9900,contact@fastdelivery.co.th
Cleaning Service,Home,Residential Cleaning,555-5678,clean@home.com
Cloud Solutions,IT,Software Development,555-4001,info@cloudsolutions.com
Burger Palace,Food,Fast Food & Grill,555-4003,orders@burgerpalace.com
Quick Ship,Logistics,International Freight,555-4004,support@quickship.co
Green Thumb,Home,Landscaping Services,555-4002,contact@greenthumb.com
SafeGuard Security,IT,Cybersecurity Services,555-4005,sales@safeguard.net
The Mop King,Home,Deep Cleaning Service,555-4006,bookings@themopking.com
RoadRunner Transport,Logistics,Local Parcel Delivery,555-4008,deliveries@roadrunner.com
Sushi Express,Food,Japanese Cuisine,555-4007,hello@sushiexpress.com
Apex Financial,Finance,Investment Advising,555-5006,support@apexfinancial.com
Urban Architects,Construction,Building Design,555-5003,design@urbanarch.net
Blue Ocean Media,Marketing,Digital Campaigns,555-5001,contact@blueoceanmedia.com
Precision Manufacturing,Manufacturing,Machinery Parts,555-5012,factory@precisionmfg.com
City Rentals,Real Estate,Apartment Leasing,555-5014,contact@cityrentals.com
Global Sourcing Hub,Import/Export,Raw Materials,555-5009,trading@globalsourcing.biz
Health First Clinic,Healthcare,General Practice,555-5002,info@healthfirst.com
The Legal Seal,Legal,Corporate Law,555-5007,attorneys@legalseal.com
